{
  "trained_at": "2026-03-07T19:57:38.279608",
  "dataset": "IMDB + Yelp + Sarcasm (300K)",
  "vocab_size": 35000,
  "max_sequence_length": 200,
  "embedding_dim": 128,
  "epochs_trained": 10,
  "batch_size": 64,
  "test_accuracy": 0.8895220006331117,
  "test_loss": 0.2533120924656541,
  "classification_report": {
    "Negative": {
      "precision": 0.90274906986358,
      "recall": 0.873121647286176,
      "f1-score": 0.8876882166629969,
      "support": 30013.0
    },
    "Positive": {
      "precision": 0.8771335462846449,
      "recall": 0.9059250866435617,
      "f1-score": 0.8912968639858363,
      "support": 30008.0
    },
    "accuracy": 0.8895220006331117,
    "macro avg": {
      "precision": 0.8899413080741124,
      "recall": 0.8895233669648689,
      "f1-score": 0.8894925403244166,
      "support": 60021.0
    },
    "weighted avg": {
      "precision": 0.8899423750141658,
      "recall": 0.8895220006331117,
      "f1-score": 0.8894923900167192,
      "support": 60021.0
    }
  },
  "confusion_matrix": [
    [
      26205,
      3808
    ],
    [
      2823,
      27185
    ]
  ],
  "training_history": {
    "accuracy": [
      0.8137826606817335,
      0.8639816139718133,
      0.8771046905933316,
      0.8856557618048886,
      0.893163063292628,
      0.8972107336770097,
      0.9009888860575886,
      0.904644530254621,
      0.9078150420448086,
      0.9101622988415626
    ],
    "val_accuracy": [
      0.8637714158775998,
      0.8737122705689612,
      0.8842640157720824,
      0.8893455141199011,
      0.8876239135867603,
      0.8891511398661595,
      0.893010857190459,
      0.8926498764335101,
      0.8921778246744231,
      0.8956210257407048
    ],
    "loss": [
      0.3754165075763315,
      0.29389509971448335,
      0.27417913626331875,
      0.2594382411107524,
      0.2472914838178923,
      0.23911966915689498,
      0.23087795651907464,
      0.22404337996735946,
      0.21824051399688427,
      0.21199660061280437
    ],
    "val_loss": [
      0.2889795788686549,
      0.27920709492204404,
      0.2583262453322389,
      0.24958865907295308,
      0.25376877880653703,
      0.2565180924981092,
      0.2468700576283453,
      0.2521777478498321,
      0.25818069521022763,
      0.2500820889399939
    ]
  },
  "labels": [
    "Negative",
    "Positive"
  ]
}